サービス種別,TAISコード,状態,メーカー名,名称,型式番号,金額,分類コード,リリース年月,説明
貸与-体位変換器,01624-000033,○,スーガン株式会社,体位変換用シーツセット　MCL＆FSS,MCLFSS－SET,"￥48,000",123306,令和7年3月,マットレスカバーの上にセカンドシーツを重ねて、マットレスに敷いたまま使用します。マットレスカバー（体位変換用シーツMCロング）:マットレスに重ねるカバーシーツです。サテン生地面（白色）が寝返り…
貸与-体位変換器,00170-001772,○,パラマウントベッド株式会社,バナナフィット（通気タイプ）スクエア,KE－P114T,"￥20,000",123303,令和6年9月,バナナフィットは身体の下に挿入し、仰臥位から側臥位へなどの体位変換を容易に行うことを目的とした体位変換器です。身体にかかる圧力を分散させたり、複数のバナナフィットを組み合わせて使用することで、…
貸与-体位変換器,00170-001773,○,パラマウントベッド株式会社,バナナフィット（通気タイプ）ロング,KE－P115T,"￥24,000",123303,令和6年9月,バナナフィットは身体の下に挿入し、仰臥位から側臥位へなどの体位変換を容易に行うことを目的とした体位変換器です。身体にかかる圧力を分散させたり、複数のバナナフィットを組み合わせて使用することで、…
貸与-体位変換器,00170-001774,○,パラマウントベッド株式会社,バナナフィット（通気タイプ）ラフト,KE－P116T,"￥15,500",123303,令和6年9月,バナナフィットは身体の下に挿入し、仰臥位から側臥位へなどの体位変換を容易に行うことを目的とした体位変換器です。身体にかかる圧力を分散させたり、複数のバナナフィットを組み合わせて使用することで、…
貸与-体位変換器,00200-001035,○,フランスベッド株式会社,もふピタ,MP－01,オープン価格,123303,令和6年9月,高さ調整用のクッションを本体クッションの下に折り込むことによって、角度と高さの調整ができる体位変換クッション。取手部分を使って、クッションに角度をつけることによって安楽な体位変換が可能。清拭可…
貸与-体位変換器,00206-000170,○,株式会社ケープ,エニモ　Mモデル　Bタイプ,CK－463,"￥18,800",123303,令和6年8月,ハンドルにより体位変換をサポート。広げて背部のサポート、たたんで下肢拘縮をサポートします。本体は80度の熱水洗浄、100度の高温乾燥、濃度500ppmの次亜塩素酸ナトリウムへの浸漬消毒の3つに…
貸与-体位変換器,00206-000171,○,株式会社ケープ,エニモ　Mモデル　Wタイプ,CK－464,"￥14,000",123303,令和6年8月,ハンドルにより体位変換をサポート。仰臥位でも側臥位でも、下肢を乗せるだけでフィットします。本体は80度の熱水洗浄、100度の高温乾燥、濃度500ppmの次亜塩素酸ナトリウムへの浸漬消毒の3つに…
貸与-体位変換器,00206-000172,○,株式会社ケープ,エニモ　Mモデル　Vタイプ,CK－465,"￥11,500",123303,令和6年8月,ハンドルにより体位変換をサポート。伸縮生地を使用することで、上肢を置けば自重で沈み、しっかりフィットする構造です。本体は80度の熱水洗浄、100度の高温乾燥・濃度500ppmの次亜塩素酸ナトリ…
貸与-体位変換器,00206-000173,○,株式会社ケープ,エニモM　Bタイプ　防水カバーセット,MB－BCS,"￥28,100",123303,令和6年8月,ハンドルにより体位変換をサポート。広げて背部のサポート、たたんで下肢拘縮をサポートします。本体は80度の熱水洗浄、100度の高温乾燥、濃度500ppmの次亜塩素酸ナトリウムへの浸漬消毒の3つに…
貸与-体位変換器,00206-000174,○,株式会社ケープ,エニモM　Wタイプ　防水カバーセット,MW－BCS,"￥22,700",123303,令和6年8月,ハンドルにより体位変換をサポート。仰臥位でも側臥位でも、下肢を乗せるだけでフィットします。本体は80度の熱水洗浄、100度の高温乾燥、濃度500ppmの次亜塩素酸ナトリウムへの浸漬消毒の3つに…
貸与-体位変換器,00206-000175,○,株式会社ケープ,エニモM　Vタイプ　防水カバーセット,MV－BCS,"￥18,300",123303,令和6年8月,ハンドルにより体位変換をサポート。伸縮生地を使用することで、上肢を置けば自重で沈み、しっかりフィットする構造です。本体は80度の熱水洗浄、100度の高温乾燥、濃度500ppmの次亜塩素酸ナトリ…
貸与-体位変換器,00206-000176,○,株式会社ケープ,エニモM　Bタイプ　清拭防水カバーセット,MB－SBCS,"￥28,700",123303,令和6年8月,ハンドルにより体位変換をサポート。広げて背部のサポート、たたんで下肢拘縮をサポートします。本体は80度の熱水洗浄、100度の高温乾燥、濃度500ppmの次亜塩素酸ナトリウムへの浸漬消毒の3つに…
貸与-体位変換器,00206-000177,○,株式会社ケープ,エニモM　Wタイプ　清拭防水カバーセット,MW－SBCS,"￥23,500",123303,令和6年8月,ハンドルにより体位変換をサポート。仰臥位でも側臥位でも、下肢を乗せるだけでフィットします。本体は80度の熱水洗浄、100度の高温乾燥、濃度500ppmの次亜塩素酸ナトリウムへの浸漬消毒の3つに…
貸与-体位変換器,00206-000178,○,株式会社ケープ,エニモM　Vタイプ　清拭防水カバーセット,MV－SBCS,"￥19,100",123303,令和6年8月,ハンドルにより体位変換をサポート。伸縮生地を使用することで、上肢を置けば自重で沈み、しっかりフィットする構造です。本体は80度の熱水洗浄、100度の高温乾燥、濃度500ppmの次亜塩素酸ナトリ…
貸与-体位変換器,00200-001011,○,フランスベッド株式会社,もふピタ,W－50,オープン価格,123303,令和6年7月,フランスベッド羽毛ふとん工場の縫製、充填技術を応用して開発された体位変換クッション。取手部分を持って、安楽な体位変換が可能。洗濯、乾燥可能な防水カバーが付いています。本体生地は制菌加工がされて…
貸与-体位変換器,00200-001012,○,フランスベッド株式会社,もふピタ,W－100,オープン価格,123303,令和6年7月,フランスベッド羽毛ふとん工場の縫製、充填技術を応用して開発された体位変換クッション。取手部分を持って、安楽な体位変換が可能。洗濯、乾燥可能な防水カバーが付いています。本体生地は制菌加工がされて…
貸与-体位変換器,00200-001013,○,フランスベッド株式会社,もふピタ,W－150,オープン価格,123303,令和6年7月,フランスベッド羽毛ふとん工場の縫製、充填技術を応用して開発された体位変換クッション。取手部分を持って、安楽な体位変換が可能。洗濯、乾燥可能な防水カバーが付いています。本体生地は制菌加工がされて…
貸与-体位変換器,00200-001014,○,フランスベッド株式会社,もふピタ,W－200,オープン価格,123303,令和6年7月,フランスベッド羽毛ふとん工場の縫製、充填技術を応用して開発された体位変換クッション。取手部分を持って、安楽な体位変換が可能。洗濯、乾燥可能な防水カバーが付いています。本体生地は制菌加工がされて…
貸与-体位変換器,00200-001015,○,フランスベッド株式会社,もふピタ,U－S,オープン価格,123303,令和6年7月,フランスベッド羽毛ふとん工場の縫製、充填技術を応用して開発された体位変換クッション。取手部分を持って、安楽な体位変換が可能。洗濯、乾燥可能な防水カバーが付いています。本体生地は制菌加工がされて…
貸与-体位変換器,00200-001016,○,フランスベッド株式会社,もふピタ,U－L,オープン価格,123303,令和6年7月,フランスベッド羽毛ふとん工場の縫製、充填技術を応用して開発された体位変換クッション。取手部分を持って、安楽な体位変換が可能。洗濯、乾燥可能な防水カバーが付いています。本体生地は制菌加工がされて…
貸与-体位変換器,00200-001017,○,フランスベッド株式会社,もふピタ,LW－67,オープン価格,123303,令和6年7月,フランスベッド羽毛ふとん工場の縫製、充填技術を応用して開発された体位変換クッション。取手部分を持って、安楽な体位変換が可能。洗濯、乾燥可能な防水カバーが付いています。本体生地は制菌加工がされて…
貸与-体位変換器,00082-000070,○,株式会社ウェルファン,介助らくらくシートM,646074,"￥6,000",123003,令和6年4月,円筒状の滑りやすいスライディングシート。ベッド上での位置修正や移乗にお使い頂けます。洗濯可能。
貸与-体位変換器,00082-000071,○,株式会社ウェルファン,トランスファーシートS,646087－S,"￥3,500",123003,令和6年4月,薄手で敷き込みやすい筒型スライディングシート。360°動くので、縦・横方向の移動に使えます。洗濯可能。
貸与-体位変換器,00082-000072,○,株式会社ウェルファン,トランスファーシートM,646087－M,"￥7,000",123003,令和6年4月,薄手で敷き込みやすい筒型スライディングシート。360°動くので、縦・横方向の移動に使えます。洗濯可能。
貸与-体位変換器,00082-000073,○,株式会社ウェルファン,トランスファーシートL,646087－L,"￥8,500",123003,令和6年4月,薄手で敷き込みやすい筒型スライディングシート。360°動くので縦・横方向の移動に使えます。洗濯可能。
貸与-体位変換器,00082-000074,○,株式会社ウェルファン,トランスファーシートフラットS,646082－S,"￥4,500",123003,令和6年4月,シートタイプのスライディングシート。一枚のシートを折って使用します。移動だけではなく、寝返り動作の補助などにもお使い頂けます。洗濯可能。
貸与-体位変換器,00082-000075,○,株式会社ウェルファン,トランスファーシートフラットL,646082－L,"￥7,500",123003,令和6年4月,シートタイプのスライディングシート。一枚のシートを折って使用します。移動だけではなく、寝返り動作の補助などにもお使い頂けます。洗濯可能。
貸与-体位変換器,00082-000076,○,株式会社ウェルファン,介助らくらくシートS,646074,"￥3,000",123003,令和6年4月,円筒状の滑りやすいスライディングシート。ベッド上での位置修正や移乗にお使い頂けます。洗濯可能。
貸与-体位変換器,02131-000001,○,丸田シャツ株式会社,もちやわうさぎ小,ＭＴ－1101,"￥9,000",123303,令和6年2月,利用者と介護者双方の身体的負担の軽減を図りながら体位変換をし易くするため、便利なハンドル（持ち手）が付いた体位変換用クッションです。一人ひとりの身体に合わせられるよう中材の量を調整できる構造を…
貸与-体位変換器,02131-000002,○,丸田シャツ株式会社,もちやわうさぎ大,ＭＴ－1102,"￥12,000",123303,令和6年2月,利用者と介護者双方の身体的負担の軽減を図りながら体位変換をし易くするため、便利なハンドル（持ち手）が付いた体位変換用クッションです。一人ひとりの身体に合わせられるよう中材の量を調整できる構造を…
貸与-体位変換器,02131-000003,○,丸田シャツ株式会社,もちやわロング１５０,ＭＴ－1103,"￥12,000",123303,令和6年2月,利用者と介護者双方の身体的負担の軽減を図りながら体位変換をし易くするため、便利なハンドル（持ち手）が付いた体位変換用クッションです。一人ひとりの身体に合わせられるよう中材の量を調整できる構造を…
貸与-体位変換器,02131-000004,○,丸田シャツ株式会社,もちやわロング２００,ＭＴ－1104,"￥15,000",123303,令和6年2月,利用者と介護者双方の身体的負担の軽減を図りながら体位変換をし易くするため、便利なハンドル（持ち手）が付いた体位変換用クッションです。一人ひとりの身体に合わせられるよう中材の量を調整できる構造を…
貸与-体位変換器,02131-000005,○,丸田シャツ株式会社,もちやわささえる大,ＭＴ－1105,"￥10,000",123303,令和6年2月,利用者と介護者双方の身体的負担の軽減を図りながら体位変換をし易くするため、便利なハンドル（持ち手）が付いた体位変換用クッションです。一人ひとりの身体に合わせられるよう中材の量を調整できる構造を…
貸与-体位変換器,02131-000006,○,丸田シャツ株式会社,もちやわつつみこむ大,ＭＴ－1106,"￥13,000",123303,令和6年2月,利用者と介護者双方の身体的負担の軽減を図りながら体位変換をし易くするため、便利なハンドル（持ち手）が付いた体位変換用クッションです。一人ひとりの身体に合わせられるよう中材の量を調整できる構造を…
貸与-体位変換器,00229-000075,○,株式会社モリトー,移座えもんシーグロ,"　","￥4,000",123003,令和6年1月,当社製品の「移座えもんシート」と「移座えもんグローブ」が一体化しました。ベッド上での体位変換、圧抜き、スライド移動に使用いただけます。寝た状態での身体の上下左右の移動が簡単に行えます。移動時の…
貸与-体位変換器,00357-000130,○,株式会社イノアックリビング,サポティクッション　Ｕタイプ大,KG1498,"￥27,091",123303,令和5年1月,ソフトで細かい粒子の中材が体の凹凸にフィットし、局所に力が集中しない形状により、利用者への負担が少ない体位変換ができます。上半身に強めの屈曲がある方の体位変換に。
貸与-体位変換器,00357-000131,○,株式会社イノアックリビング,サポティクッション　Ｕタイプ中,KG1499,"￥18,910",123303,令和5年1月,ソフトで細かい粒子の中材が体の凹凸にフィットし、局所に力が集中しない形状により、利用者への負担が少ない体位変換ができます。上半身に強めの屈曲がある小柄な方の体位変換に。
貸与-体位変換器,00357-000132,○,株式会社イノアックリビング,サポティクッション　Vタイプ,KG1500,"￥14,364",123303,令和5年1月,ソフトで細かい粒子の中材が体の凹凸にフィットし、局所に力が集中しない形状により、利用者への負担が少ない体位変換ができます。上半身に弱めの屈曲がある方の体位変換に。
貸与-体位変換器,00357-000133,○,株式会社イノアックリビング,サポティクッション　Wタイプ,KG1501,"￥18,910",123303,令和5年1月,ソフトで細かい粒子の中材が体の凹凸にフィットし、局所に力が集中しない形状により、利用者への負担が少ない体位変換ができます。脚が不安定な方の体位変換に。
貸与-体位変換器,00357-000134,○,株式会社イノアックリビング,サポティクッション　Aタイプ大,KG1502,"￥14,364",123303,令和5年1月,ソフトで細かい粒子の中材が体の凹凸にフィットし、局所に力が集中しない形状により、利用者への負担が少ない体位変換ができます。脚に屈曲がある方の体位変換に。
貸与-体位変換器,00357-000135,○,株式会社イノアックリビング,サポティクッション　Aタイプ中,KG1503,"￥12,546",123303,令和5年1月,ソフトで細かい粒子の中材が体の凹凸にフィットし、局所に力が集中しない形状により、利用者への負担が少ない体位変換ができます。脚に屈曲がある小柄な方の体位変換に。
貸与-体位変換器,00206-000157,○,株式会社ケープ,ロンボRM5清拭防水カバーセット,RM5－SBCS,"￥25,000",123303,令和4年12月,ハンドルにより体位変換をサポート。中身の素材が柔軟に動くことで、利用者に負担の少ない体位変換が可能です。清拭防水カバー付き。
貸与-体位変換器,00206-000158,○,株式会社ケープ,ロンボスネークミニクッション清拭防水カバーセット,ＳＮ－ＳＢＣＳmini,"￥24,600",123303,令和4年12月,ハンドルにより体位変換をサポート。中身の素材が柔軟に動くことで、利用者に負担の少ない体位変換が可能です。清拭防水カバー付き。
貸与-体位変換器,01540-000006,○,日本ケアリフトサービス株式会社,SOEL　－ケアシート－,SS－101,オープン価格,123306,令和4年8月,ほぼ全身をカバー出来るサイズのスライディングシートです。少ない力でベッド上での移動、移乗や体位交換を行えます。
貸与-体位変換器,00206-000150,○,株式会社ケープ,エニモR600タイプ　清拭防水カバーセット,R600－SBCS,"￥14,900",123303,令和4年7月,ハンドルにより体位変換をサポート。上半身と下半身どちらにもフィットするリバーシブル構造で、30度側臥位をサポートします。本体は80℃の熱水洗浄・100℃の高温乾燥・濃度500ppmの次亜塩素酸…
貸与-体位変換器,00206-000151,○,株式会社ケープ,エニモR800タイプ　清拭防水カバーセット,R800－SBCS,"￥17,800",123303,令和4年7月,ハンドルにより体位変換をサポート。上半身と下半身どちらにもフィットするリバーシブル構造で、30度側臥位をサポートします。本体は80℃の熱水洗浄・100℃の高温乾燥・濃度500ppmの次亜塩素酸…
貸与-体位変換器,00206-000152,○,株式会社ケープ,ロンボRM1－H清拭防水カバーセット,RM1－SBCS,"￥24,500",123303,令和4年7月,ハンドルにより体位変換をサポート。中身の素材が柔軟に動くことで、利用者に負担の少ない体位変換が可能です。清拭防水カバー付き。
貸与-体位変換器,00206-000153,○,株式会社ケープ,ロンボRM2－H清拭防水カバーセット,RM2－SBCS,"￥24,500",123303,令和4年7月,ハンドルにより体位変換をサポート。中身の素材が柔軟に動くことで、利用者に負担の少ない体位変換が可能です。清拭防水カバー付き。
貸与-体位変換器,00206-000154,○,株式会社ケープ,ロンボRM4－H清拭防水カバーセット,RM4－SBCS,"￥15,400",123303,令和4年7月,ハンドルにより体位変換をサポート。中身の素材が柔軟に動くことで、利用者に負担の少ない体位変換が可能です。清拭防水カバー付き。
貸与-体位変換器,00206-000155,○,株式会社ケープ,ロンボRM6－H清拭防水カバーセット,RM6－SBCS,"￥30,000",123303,令和4年7月,ハンドルにより体位変換をサポート。中身の素材が柔軟に動くことで、利用者に負担の少ない体位変換が可能です。清拭防水カバー付き。
貸与-体位変換器,00206-000156,○,株式会社ケープ,ロンボスネーククッション清拭防水カバーセット,SN－SBCS,"￥37,500",123303,令和4年7月,ハンドルにより体位変換をサポート。中身の素材が柔軟に動くことで、利用者に負担の少ない体位変換が可能です。清拭防水カバー付き。
貸与-体位変換器,01908-000035,○,株式会社ヒトラボ,M－ableクッション　Q　清拭タイプ,MC－Q,"￥36,000",123303,令和4年6月,持ち手を使うことにより、楽に体位変換をすることができます。防水加工された内袋により中材が汚染されず衛生的に使用でき、耐久性やメンテナンス性に優れています。体にねじれがある方に使いやすいタイプで…
貸与-体位変換器,01908-000036,○,株式会社ヒトラボ,M－ableクッション　U　清拭タイプ,MC－U,"￥27,000",123303,令和4年6月,持ち手を使うことにより、楽に体位変換をすることができます。防水加工された内袋により中材が汚染されず衛生的に使用でき、耐久性やメンテナンス性に優れています。上半身に軽い屈曲がある小柄な方に使いや…
貸与-体位変換器,00206-000146,○,株式会社ケープ,エニモ　Rモデル　600タイプ,CK－461,"￥9,800",123303,令和4年4月,ハンドルにより体位変換をサポート。上半身と下半身どちらにもフィットするリバーシブル構造で、30度側臥位をサポートします。本体は80℃の熱水洗浄・100℃の高温乾燥・濃度500ppmの次亜塩素酸…
貸与-体位変換器,00206-000147,○,株式会社ケープ,エニモ　Rモデル　800タイプ,CK－462,"￥11,800",123303,令和4年4月,ハンドルにより体位変換をサポート。上半身と下半身どちらにもフィットするリバーシブル構造で、30度側臥位をサポートします。本体は80℃の熱水洗浄・100℃の高温乾燥・濃度500ppmの次亜塩素酸…
貸与-体位変換器,00206-000148,○,株式会社ケープ,エニモ　R600タイプ　防水カバーセット,"　","￥14,400",123303,令和4年4月,ハンドルにより体位変換をサポート。上半身と下半身どちらにもフィットするリバーシブル構造で、30度側臥位をサポートします。本体は80℃の熱水洗浄・100℃の高温乾燥・濃度500ppmの次亜塩素酸…
貸与-体位変換器,00206-000149,○,株式会社ケープ,エニモ　R800タイプ　防水カバーセット,"　","￥17,200",123303,令和4年4月,ハンドルにより体位変換をサポート。上半身と下半身どちらにもフィットするリバーシブル構造で、30度側臥位をサポートします。本体は80℃の熱水洗浄・100℃の高温乾燥・濃度500ppmの次亜塩素酸…
貸与-体位変換器,02022-000007,○,株式会社コーポレーションパールスター,UIクッションL,4562228115394－5,"￥15,000",123303,令和4年1月,先端部を握りやすくしています。体位変換に便利なベルト付き。帝人ナノフロントと備長炭入りポリエチレンチップを使用する、通気性、抗菌性、防臭性に優れたクッションです。生地の伸びとチップ材の組み合わ…
貸与-体位変換器,00249-000193,○,アビリティーズ・ケアネット株式会社,スピラドゥ　150×100cm,73175_,"￥7,000",123306,令和3年10月,体位変換の際に生じる摩擦を低減し体位変換を容易に行うためのシートです。縫い目がないため破れにくく、衛生的に使用できます。色により硬さが異なりますので、用途に合わせてお選びいただけます。
貸与-体位変換器,00888-000032,○,株式会社ケア・システム,スライディングシート『アライメント』　サイズ:小（薄型）,MCSS01,"￥1,500",123003,令和3年4月,寝台の上等での体位の変換ならびに水平移動等の機能を有する。人力によるリフトアップ等の介護負担の軽減等に有効であり、摩擦等の皮膚等への負担の軽減も図ることができる。
貸与-体位変換器,00888-000033,○,株式会社ケア・システム,スライディングシート『アライメント』　サイズ:大（厚型）,MCSS02,"￥9,000",123003,令和3年4月,寝台の上等での体位の変換ならびに水平移動等の機能を有する。人力によるリフトアップ等の介護負担の軽減等に有効であり、摩擦等の皮膚等への負担の軽減も図ることができる。
貸与-体位変換器,00206-000145,○,株式会社ケープ,ロンボ　RM6－H　防水カバーセット,RM6－BCS,"￥29,300",123303,令和3年3月,ハンドルにより体位変換をサポート。中身の素材が柔軟に動くことで、利用者に負担の少ない体位変換が可能です。
貸与-体位変換器,00245-000245,○,ラックヘルスケア株式会社,ロンボポジショニングピロー＆クッション　RM6－H,RM6－H,"￥22,000",123303,令和3年3月,ハンドルにより体位変換をサポート。身体に触れる表面には、ロンボメッドを入れることで、身体の形状にフィット。内部ウレタンフォームが土台にあることで、身体を乗せても沈み込みが抑えられ、安定感よく身…
貸与-体位変換器,01225-000056,○,日建リース工業株式会社,ナノフィット　ブーメランタイプ,RNFC－B07,オープン価格,123303,令和2年12月,仰臥位から側臥位へ体位変換する際に使用します。端の取っ手を掴み背中側に沿ってずらす事で自然な体位変換が可能になります。更にふとももから腰までを浮かせる為の体位変換器としても使用する事が出来ます…
貸与-体位変換器,01853-000007,○,株式会社TTN,体位変換器　ブルーコンバース,DOU－001,"￥19,800",123303,令和2年10月,アウターカバー素材にダブルラッセル立体メッシュを、中材にコルマービーズを使用することで通気性に優れ蒸れにくく、立体構造メッシュだからソフトな感触。洗濯、洗浄、乾燥が楽。カバーには抗菌防臭加工が…
貸与-体位変換器,00206-000137,○,株式会社ケープ,ロンボスネーククッション防水カバーセット,SN－BCS,"￥36,600",123303,令和2年7月,ハンドルにより体位変換をサポート。中身の素材が柔軟に動くことで、利用者に負担の少ない体位変換が可能です。
貸与-体位変換器,00206-000138,○,株式会社ケープ,ロンボスネークミニクッション防水カバーセット,SN－BCS　mini,"￥24,000",123303,令和2年7月,ハンドルにより体位変換をサポート。中身の素材が柔軟に動くことで、利用者に負担の少ない体位変換が可能です。
貸与-体位変換器,00206-000139,○,株式会社ケープ,ロンボRM5防水カバーセット,RM5－BCS,"￥24,300",123303,令和2年7月,ハンドルにより体位変換をサポート。中身の素材が柔軟に動くことで、利用者に負担の少ない体位変換が可能です。
貸与-体位変換器,00245-000244,○,ラックヘルスケア株式会社,ライトターナー　L,39580055,オープン価格,123003,令和2年7月,中央部分に滑りやすい素材を使用したマットレス用カバーとトップシートの２枚を重ねることで摩擦を軽減し、ベッド上での移動や体位変換、寝返りがし易くなります。
貸与-体位変換器,01908-000023,○,株式会社ヒトラボ,M－ableシート,MS－1,"￥8,400",123306,令和2年6月,ベッド上でのスムーズで快適な体位変換や移動をサポートします。上下左右あらゆる方向に移動できます。
貸与-体位変換器,01622-000007,○,有限会社ホームケア渡部建築,タフ　スライディングパッド,CL－P1,"￥6,000",123003,令和1年11月,防水機能を持った体位変換器です。プレベンティブシーツと併用することで前後左右360°スライドさせることが出来ます。付属のマジックベルトをサイドレールなどに固定すると、側臥位の一時的な保持ができ…
貸与-体位変換器,01622-000008,○,有限会社ホームケア渡部建築,タフ　スライディングパッド（上下セット）,CL－P2,"￥12,000",123003,令和1年11月,防水機能を持った体位変換器です。プレベンティブシーツと併用することで前後左右360°スライドさせることが出来ます。付属のマジックベルトをサイドレールなどに固定すると、側臥位の一時的な保持ができ…
貸与-体位変換器,00206-000133,○,株式会社ケープ,ロンボRM1－H防水カバーセット,RM1－BCS,"￥23,800",123303,令和1年10月,ハンドルにより体位変換をサポート。中身の素材が柔軟に動くことで、利用者に負担の少ない体位変換が可能です。防水カバー付き。
貸与-体位変換器,00206-000134,○,株式会社ケープ,ロンボRM2－H防水カバーセット,RM2－BCS,"￥23,800",123303,令和1年10月,ハンドルにより体位変換をサポート。中身の素材が柔軟に動くことで、利用者に負担の少ない体位変換が可能です。防水カバー付き。
貸与-体位変換器,00206-000135,○,株式会社ケープ,ロンボRM4－H防水カバーセット,RM4－BCS,"￥14,700",123303,令和1年10月,ハンドルにより体位変換をサポート。中身の素材が柔軟に動くことで、利用者に負担の少ない体位変換が可能です。防水カバー付き。
貸与-体位変換器,00229-000060,○,株式会社モリトー,移座えもんシート　　BLACK　Sサイズ,"　",￥2，750（税込）,123003,令和1年9月,寝た状態での身体の上下左右の移動が簡単に行えます。移動時の摩擦を軽減するので移動時の圧迫骨折等を防止できます。薄くて軽いので持ち運びに便利です。
貸与-体位変換器,00245-000232,○,ラックヘルスケア株式会社,ロンボ　RM1－H,RM1－H,"￥17,500",123303,令和1年9月,ハンドルにより体位変換をサポート。中身の素材が柔軟に動くことで、利用者に負担の少ない体位変換が可能です。
貸与-体位変換器,00245-000233,○,ラックヘルスケア株式会社,ロンボ　RM2－H,RM2－H,"￥17,500",123303,令和1年9月,ハンドルにより体位変換をサポート。中身の素材が柔軟に動くことで、利用者に負担の少ない体位変換が可能です。
貸与-体位変換器,00245-000234,○,ラックヘルスケア株式会社,ロンボ　RM4－H,RM4－H,"￥9,000",123303,令和1年9月,ハンドルにより体位変換をサポート。中身の素材が柔軟に動くことで、利用者に負担の少ない体位変換が可能です。
貸与-体位変換器,01951-000004,○,株式会社名優,エアサプライ＆Q2ローラー,HVR－HTR－200－1,"￥199,800",033309,令和1年8月,エアで膨らませる空圧式マットを半分ずつ膨らませることで体位変換や除圧を行います。
貸与-体位変換器,00170-001180,○,パラマウントベッド株式会社,バナナフィット　通気タイプ　Ｓサイズ,KE－P113T,"￥8,000",123303,令和1年7月,持ちやすいグリップで体位変換をサポート、そのままご本人様の姿勢を保持できます。身体へのフィット感や使いやすさが進化を遂げました。
貸与-体位変換器,00170-001181,○,パラマウントベッド株式会社,バナナフィット　通気タイプ　Ｍサイズ,KE－P112T,"￥13,000",123303,令和1年7月,持ちやすいグリップで体位変換をサポート、そのままご本人様の姿勢を保持できます。身体へのフィット感や使いやすさが進化を遂げました。
貸与-体位変換器,00170-001182,○,パラマウントベッド株式会社,バナナフィット　通気タイプ　Ｌサイズ,KE－P111T,"￥19,000",123303,令和1年7月,持ちやすいグリップで体位変換をサポート、そのままご本人様の姿勢を保持できます。身体へのフィット感や使いやすさが進化を遂げました。
貸与-体位変換器,00170-001183,○,パラマウントベッド株式会社,バナナフィット　清拭タイプ　Ｓサイズ,KE－P113S,"￥11,000",123303,令和1年7月,持ちやすいグリップで体位変換をサポート、そのままご本人様の姿勢を保持できます。身体へのフィット感や使いやすさが進化を遂げました。清拭タイプは汚れが付着しにくく、清拭消毒に対応します。
貸与-体位変換器,00170-001184,○,パラマウントベッド株式会社,バナナフィット　清拭タイプ　Ｍサイズ,KE－P112S,"￥20,000",123303,令和1年7月,持ちやすいグリップで体位変換をサポート、そのままご本人様の姿勢を保持できます。身体へのフィット感や使いやすさが進化を遂げました。清拭タイプは汚れが付着しにくく、清拭消毒に対応します。
貸与-体位変換器,00170-001185,○,パラマウントベッド株式会社,バナナフィット　清拭タイプ　Ｌサイズ,KE－P111S,"￥24,000",123303,令和1年7月,持ちやすいグリップで体位変換をサポート、そのままご本人様の姿勢を保持できます。身体へのフィット感や使いやすさが進化を遂げました。清拭タイプは汚れが付着しにくく、清拭消毒に対応します。
貸与-体位変換器,01908-000001,○,株式会社ヒトラボ,M－ableクッション　D　清拭タイプ,MC－D,"￥34,000",123303,令和1年5月,持ち手を使うことにより、楽に体位変換をすることができます。また、もっちりとした心地いい感触で、耐久性やメンテナンス性にも優れています。
貸与-体位変換器,01908-000002,○,株式会社ヒトラボ,M－ableクッション　D　洗浄タイプ,MC－DA,"￥34,000",123303,令和1年5月,持ち手を使うことにより、楽に体位変換をすることができます。また、もっちりとした心地いい感触で、耐久性やメンテナンス性にも優れています。
貸与-体位変換器,01908-000003,○,株式会社ヒトラボ,M－ableクッション　I　清拭タイプ,MC－I,"￥41,000",123303,令和1年5月,持ち手を使うことにより、楽に体位変換をすることができます。また、もっちりとした心地いい感触で、耐久性やメンテナンス性にも優れています。
貸与-体位変換器,01908-000004,○,株式会社ヒトラボ,M－ableクッション　I　洗浄タイプ,MC－IA,"￥41,000",123303,令和1年5月,持ち手を使うことにより、楽に体位変換をすることができます。また、もっちりとした心地いい感触で、耐久性やメンテナンス性にも優れています。
貸与-体位変換器,01908-000005,○,株式会社ヒトラボ,M－ableクッション　J　清拭タイプ,MC－J,"￥32,000",123303,令和1年5月,持ち手を使うことにより、楽に体位変換をすることができます。また、もっちりとした心地いい感触で、耐久性やメンテナンス性にも優れています。
貸与-体位変換器,01908-000006,○,株式会社ヒトラボ,M－ableクッション　J　洗浄タイプ,MC－JA,"￥32,000",123303,令和1年5月,持ち手を使うことにより、楽に体位変換をすることができます。また、もっちりとした心地いい感触で、耐久性やメンテナンス性にも優れています。
貸与-体位変換器,01908-000007,○,株式会社ヒトラボ,M－ableクッション　W　清拭タイプ,MC－W,"￥29,000",123303,令和1年5月,持ち手を使うことにより、楽に体位変換をすることができます。また、もっちりとした心地いい感触で、耐久性やメンテナンス性にも優れています。
貸与-体位変換器,01908-000008,○,株式会社ヒトラボ,M－ableクッション　W　洗浄タイプ,MC－WA,"￥29,000",123303,令和1年5月,持ち手を使うことにより、楽に体位変換をすることができます。また、もっちりとした心地いい感触で、耐久性やメンテナンス性にも優れています。
貸与-体位変換器,01908-000009,○,株式会社ヒトラボ,M－ableクッション　S1　清拭タイプ,MC－S1,"￥20,000",123303,令和1年5月,持ち手を使うことにより、楽に体位変換をすることができます。また、もっちりとした心地いい感触で、耐久性やメンテナンス性にも優れています。
貸与-体位変換器,01908-000010,○,株式会社ヒトラボ,M－ableクッション　S1　洗浄タイプ,MC－S1A,"￥20,000",123303,令和1年5月,持ち手を使うことにより、楽に体位変換をすることができます。また、もっちりとした心地いい感触で、耐久性やメンテナンス性にも優れています。
貸与-体位変換器,01908-000011,○,株式会社ヒトラボ,M－ableクッション　S2　清拭タイプ,MC－S2,"￥13,000",123303,令和1年5月,持ち手を使うことにより、楽に体位変換をすることができます。また、もっちりとした心地いい感触で、耐久性やメンテナンス性にも優れています。
貸与-体位変換器,01908-000012,○,株式会社ヒトラボ,M－ableクッション　S2　洗浄タイプ,MC－S2A,"￥13,000",123303,令和1年5月,持ち手を使うことにより、楽に体位変換をすることができます。また、もっちりとした心地いい感触で、耐久性やメンテナンス性にも優れています。
貸与-体位変換器,01249-000015,○,株式会社丸井商事,ポジクッション１００Ｔ,POJI－100T,"￥9,600",123303,平成31年4月,日本人の体格に合わせた使い易い体位変換器です。かつ体位保持も可能で、丸洗い、乾燥機に掛けることもできます。
貸与-体位変換器,01249-000016,○,株式会社丸井商事,ポジクッション１８０Ｔ,POJI－180T,"￥14,500",123303,平成31年4月,日本人の体格に合わせた使い易い体位変換器です。かつ体位保持も可能で、丸洗い、乾燥機に掛けることもできます。
貸与-体位変換器,01249-000017,○,株式会社丸井商事,ポジクッションおざぶＴ,POJI－5963T,"￥14,500",123303,平成31年4月,日本人の体格に合わせた使い易い体位変換器です。かつ体位保持も可能で、丸洗い、乾燥機に掛けることもできます。
貸与-体位変換器,01249-000018,○,株式会社丸井商事,ポジクッション８０角Ｔ,POJI－80KT,"￥16,800",123303,平成31年4月,日本人の体格に合わせた使い易い体位変換器です。かつ体位保持も可能で、丸洗い、乾燥機に掛けることもできます。
貸与-体位変換器,01624-000010,○,スーガン株式会社,体位変換用シーツMCショート,MCS205002,"￥16,000",123306,平成30年10月,マットレスに重ねるカバーシーツです。サテン生地面（白色）が寝返りし易くします。
貸与-体位変換器,01624-000011,○,スーガン株式会社,体位変換用シーツMCロング,MCL205001,"￥20,000",123306,平成30年10月,マットレスに重ねるカバーシーツです。サテン生地面（白色）が寝返りし易くします。
貸与-体位変換器,01624-000012,○,スーガン株式会社,体位変換用シーツFSショート,FSS206002,"￥28,000",123306,平成30年10月,マットレスカバーの上に重ねるシーツです。横及び縦方向の体位変換やポジショニングを行う際に使用します。
貸与-体位変換器,01624-000013,○,スーガン株式会社,体位変換用シーツFSロング,FSL206001,"￥36,000",123306,平成30年10月,マットレスカバーの上に重ねるシーツです。横及び縦方向の体位変換やポジショニングを行う際に使用します。
貸与-体位変換器,01624-000014,○,スーガン株式会社,体位変換用シーツSTSショート,STSS207002,"￥20,000",123306,平成30年10月,マットレスカバーの上に重ねるシーツです。横方向の体位変換やポジショニングを行う際に使用します。
貸与-体位変換器,01624-000015,○,スーガン株式会社,体位変換用シーツSTSロング,STSL207001,"￥26,000",123306,平成30年10月,マットレスカバーの上に重ねるシーツです。横方向の体位変換やポジショニングを行う際に使用します。
貸与-体位変換器,01475-000010,○,株式会社ケアマックスコーポレーション,介援隊　移乗シート,CX－04002,"￥2,000",123003,平成30年9月,対象者をベッド上で移乗させる場合や位置修正させる場合に、対象者の下に移乗シートを敷きタテ、ヨコにスライドさせると通常よりも少ない力で移動させることができます。介護者の体力や腰にかかる負担を軽減…
貸与-体位変換器,01475-000011,○,株式会社ケアマックスコーポレーション,介援隊　移乗シート,CX－04003,"￥3,200",123003,平成30年9月,対象者をベッド上で移乗させる場合や位置修正させる場合に、対象者の下に移乗シートを敷きタテ、ヨコにスライドさせると通常よりも少ない力で移動させることができます。介護者の体力や腰にかかる負担を軽減…
貸与-体位変換器,00170-001177,○,パラマウントベッド株式会社,リーパッド・プラス,KZ－662011,"￥69,800",123389,平成30年8月,仰臥位から側臥位への体位変換が容易に行えます。既存商品と比較して、①頭部パッド・背部パッドの曲面により、体位変換中も頸椎から背骨の位置関係を一定に保つことが可能です。②通常の体位変換（要介護者…
貸与-体位変換器,00563-000114,○,株式会社タイカ,ウェルピーHC（超撥水カバー付き）　ジャンボ,PC－HC－J1C,"￥32,500",123303,平成30年8月,持ち手を使い、少ない力でご利用者に優しく体位変換することが可能です。中材は特殊加工のウレタンチップなので、体位変換中も身体にフィットします。超撥水カバー付きで本体を汚染されにくくなります。
貸与-体位変換器,00563-000115,○,株式会社タイカ,ウェルピーHC（超撥水カバー付き）　ピロー,PC－HC－P1C,"￥18,500",123303,平成30年8月,持ち手を使い、少ない力でご利用者に優しく体位変換することが可能です。中材は特殊加工のウレタンチップなので、体位変換中も身体にフィットします。超撥水カバー付きで本体を汚染されにくくなります。
貸与-体位変換器,00563-000116,○,株式会社タイカ,ウェルピーHC（超撥水カバー付き）　ウェーブ,PC－HC－W1C,"￥21,500",123303,平成30年8月,持ち手を使い、少ない力でご利用者に優しく体位変換することが可能です。中材は特殊加工のウレタンチップなので、体位変換中も身体にフィットします。超撥水カバー付きで本体を汚染されにくくなります。
貸与-体位変換器,00563-000117,○,株式会社タイカ,ウェルピーHC（超撥水カバー付き）　ウェーブロング,PC－HC－W2C,"￥26,500",123303,平成30年8月,持ち手を使い、少ない力でご利用者に優しく体位変換することが可能です。中材は特殊加工のウレタンチップなので、体位変換中も身体にフィットします。超撥水カバー付きで本体を汚染されにくくなります。
貸与-体位変換器,00563-000118,○,株式会社タイカ,ウェルピーHC（超撥水カバー付き）　ブーメラン（大）,PC－HC－B1C,"￥20,500",123303,平成30年8月,持ち手を使い、少ない力でご利用者に優しく体位変換することが可能です。中材は特殊加工のウレタンチップなので、体位変換中も身体にフィットします。超撥水カバー付きで本体を汚染されにくくなります。
貸与-体位変換器,00563-000119,○,株式会社タイカ,ウェルピーHC（超撥水カバー付き）　ブーメラン（小）,PC－HC－B2C,"￥18,000",123303,平成30年8月,持ち手を使い、少ない力でご利用者に優しく体位変換することが可能です。中材は特殊加工のウレタンチップなので、体位変換中も身体にフィットします。超撥水カバー付きで本体を汚染されにくくなります。
貸与-体位変換器,00563-000121,○,株式会社タイカ,ウェルピーHC（超撥水カバー付き）　スティック（大）,PC－HC－S1C,"￥11,500",123303,平成30年8月,持ち手を使い、少ない力でご利用者に優しく体位変換することが可能です。中材は特殊加工のウレタンチップなので、体位変換中も身体にフィットします。超撥水カバー付きで本体を汚染されにくくなります。
貸与-体位変換器,01846-000001,○,インターリハ株式会社,リーパッドプラス,LP340－1P,"￥69,800",123389,平成30年8月,仰臥位から側臥位への体位変換が容易に行えます。既存商品と比較して、①　頭部パッド・背部パッドの曲面により、体位変換中も頸椎から背骨の位置関係を一定に保つことが可能です。　②　通常の体位変換（要…
貸与-体位変換器,00170-001060,○,パラマウントベッド株式会社,レディスライド7070,KZ－A52090,"￥7,000",123003,平成30年7月,低摩擦素材を使用したロール状のスライディングシートです。体位変換や寝位置の調整、移乗などに幅広く使用できます。
貸与-体位変換器,00170-001061,○,パラマウントベッド株式会社,レディスライド11090,KZ－A52091,"￥10,000",123003,平成30年7月,低摩擦素材を使用したロール状のスライディングシートです。体位変換や寝位置の調整、移乗などに幅広く使用できます。
貸与-体位変換器,00888-000024,○,株式会社ケア・システム,アライメントシート　スーパー,AS04,"￥15,480",123306,平成30年1月,要介護者自身による移動と、介護者の移動補助において両面で使い分けができる。アライメントシートをより滑りやすくしました。
貸与-体位変換器,02146-000001,○,地球商事株式会社,メディカルリーフ,RT－001,"￥15,000",123003,平成30年1月,表面と裏面を連結した立体編地の多層構造により、ムレ、圧迫、不潔、を軽減でき、軽量、コンパクト、除湿効果にも優れた移乗用マットです。介護の移乗、緊急・災害時の救護用担架にも使え、担架のまま浴槽内…
貸与-体位変換器,00888-000013,○,株式会社ケア・システム,アライメントクッション『PAO』,AC05,"￥10,300",123303,平成29年8月,4ヶ所のループを使って体位の変換を身体部位ごとにマクロ・ミクロの観点より実施することが可能です。極小ビーズと綿混合により包まれるようなポジショニングを実現しました。尚、アライメントパッドの併用…
貸与-体位変換器,00888-000015,○,株式会社ケア・システム,アライメントクッション『SNE』,AC07,"￥17,800",123303,平成29年8月,ループ部を使い体側での半側臥位状態等への体位変換等のポジショニング術が行える。（オプション品のアライメント三角クッションの併用がさらに有効度を増す）
貸与-体位変換器,00888-000016,○,株式会社ケア・システム,アライメントクッション『SNE』,AC08,"￥20,800",123303,平成29年8月,ループ部を使い体側での半側臥位状態等への体位変換等のポジショニング術が行える。（オプション品のアライメント三角クッションの併用がさらに有効度を増す）
貸与-体位変換器,00888-000017,○,株式会社ケア・システム,アライメントシート,AS02,"￥7,880",123306,平成29年8月,要介護者自身による移動と、介護者の移動補助において両面で使い分けができ、床面が不安定な状態でも体位変換が容易になる。
貸与-体位変換器,00245-000211,取扱終了,ラックヘルスケア株式会社,マルチシート　ＤＸ　小,3145041,"￥5,800",123003,平成29年5月,表面だけでなく中面も滑るので、ベッド上の移動時の負担や、床ずれのリスクを軽減します。
貸与-体位変換器,00245-000212,取扱終了,ラックヘルスケア株式会社,マルチシート　ＤＸ　大,3145042,"￥8,750",123003,平成29年5月,表面だけでなく中面も滑るので、ベッド上の移動時の負担や、床ずれのリスクを軽減します。
貸与-体位変換器,00888-000010,○,株式会社ケア・システム,アライメントクッション『SNE』,AC03,"￥23,800",123303,平成29年5月,ループ部を使い体側での半側臥位状態等への体位変換等のポジショニング術が行える。（オプション品のアライメント三角クッションの併用がさらに有効度を増す）
貸与-体位変換器,00888-000011,○,株式会社ケア・システム,アライメントクッション『BOO』,AC04,"￥14,800",123303,平成29年5月,ループ部を使い円背姿勢の方の体位変換と、呼吸・嚥下・各種部位の減圧、除圧等の圧の軽減等の体位変換が行える。
貸与-体位変換器,00888-000008,○,株式会社ケア・システム,アライメントクッション『PAO』,AC02,"￥11,000",123303,平成29年1月,4ヶ所のループを使って体位の変換を身体部位ごとにマクロ・ミクロの観点より実施することが可能です。
貸与-体位変換器,00888-000006,○,株式会社ケア・システム,アライメントシート,AS01,"￥3,480",123306,平成28年10月,要介護者自身による移動と、介護者の移動補助において両面で使い分けができ、床面が不安定な状態でも体位変換が容易になる。
貸与-体位変換器,01249-000012,○,株式会社丸井商事,ポジシート,poji－s,"￥42,000",123003,平成28年10月,常時敷いたまま過ごす事ができ、利用者様の身体に触れることなく、体位変換が行えます。褥瘡予防に効果的な特殊ウレタン15mmを使用しています。
貸与-体位変換器,00206-000102,○,株式会社ケープ,スモールチェンジ　ラグーナセット　840タイプ,CR－700,"￥228,000",033309,平成28年5月,新しい自動体位変換「スモールチェンジ機能」を搭載。違和感が少なく、身体がずれにくい、安心で安楽な体位変換器です。
貸与-体位変換器,00206-000103,○,株式会社ケープ,スモールチェンジ　ラグーナセット　900タイプ,CR－703,"￥228,000",033309,平成28年5月,新しい自動体位変換「スモールチェンジ機能」を搭載。違和感が少なく、身体がずれにくい、安心で安楽な体位変換器です。
貸与-体位変換器,00206-000104,○,株式会社ケープ,スモールチェンジ　ラグーナセット　840／SHORTタイプ,CR－705,"￥228,000",033309,平成28年5月,新しい自動体位変換「スモールチェンジ機能」を搭載。違和感が少なく、身体がずれにくい、安心で安楽な体位変換器です。
貸与-体位変換器,00206-000105,○,株式会社ケープ,スモールチェンジ　ラグーナセット　900／SHORTタイプ,CR－707,"￥228,000",033309,平成28年5月,新しい自動体位変換「スモールチェンジ機能」を搭載。違和感が少なく、身体がずれにくい、安心で安楽な体位変換器です。
貸与-体位変換器,00206-000106,○,株式会社ケープ,スモールチェンジ　ラグーナセット　1000タイプ,CR－711,"￥248,000",033309,平成28年5月,新しい自動体位変換「スモールチェンジ機能」を搭載。違和感が少なく、身体がずれにくい、安心で安楽な体位変換器です。
貸与-体位変換器,00206-000107,○,株式会社ケープ,スモールチェンジ　ラグーナプラスセット　840タイプ,CR－721,"￥250,000",033309,平成28年5月,新しい自動体位変換「スモールチェンジ機能」を搭載。違和感が少なく、身体がずれにくい、安心で安楽な体位変換器です。マット内の冷えを防ぐ専用パッド付。
貸与-体位変換器,00206-000108,○,株式会社ケープ,スモールチェンジ　ラグーナプラスセット　900タイプ,CR－723,"￥250,000",033309,平成28年5月,新しい自動体位変換「スモールチェンジ機能」を搭載。違和感が少なく、身体がずれにくい、安心で安楽な体位変換器です。マット内の冷えを防ぐ専用パッド付。
貸与-体位変換器,00206-000109,○,株式会社ケープ,スモールチェンジ　ラグーナプラスセット　840／SHORT…,CR－725,"￥250,000",033309,平成28年5月,新しい自動体位変換「スモールチェンジ機能」を搭載。違和感が少なく、身体がずれにくい、安心で安楽な体位変換器です。マット内の冷えを防ぐ専用パッド付。
貸与-体位変換器,00206-000110,○,株式会社ケープ,スモールチェンジ　ラグーナプラスセット　900／SHORT…,CR－727,"￥250,000",033309,平成28年5月,新しい自動体位変換「スモールチェンジ機能」を搭載。違和感が少なく、身体がずれにくい、安心で安楽な体位変換器です。マット内の冷えを防ぐ専用パッド付。
貸与-体位変換器,00206-000111,○,株式会社ケープ,スモールチェンジ　ラグーナプラスセット　1000タイプ,CR－731,"￥270,000",033309,平成28年5月,新しい自動体位変換「スモールチェンジ機能」を搭載。違和感が少なく、身体がずれにくい、安心で安楽な体位変換器です。マット内の冷えを防ぐ専用パッド付。
貸与-体位変換器,00563-000081,○,株式会社タイカ,アルファプラ　ウェルピーHC　ウェーブ（ロング）,PC－HC－W2,"￥20,000",123303,平成28年4月,持ち手を使い、少ない力でご利用者に優しく体位変換することが可能です。中材は特殊加工のウレタンチップなので、体位変換中も身体にフィットします。
貸与-体位変換器,01249-000011,○,株式会社丸井商事,ハバック　体位変換器　上向き寝,HB－UE,"￥22,000",123303,平成28年4月,取っ手を使いやさしく体位変換を促します。円背のために仰臥位が難しい方でも、仰臥位が取り易い。
貸与-体位変換器,00200-000566,生産終了,フランスベッド株式会社,体位変換器　寝痛軽減,TH－01,"￥198,000",123389,平成28年2月,マットレスに内蔵されたエアーバッグで体位を傾ける体位変換器。設定は液晶画面で確認でき、操作時に音声で選択した内容を通知する。
貸与-体位変換器,00149-000038,○,アイ・ソネックス株式会社,ナーセントExユー　Mサイズ,"　","￥9,200",123303,平成27年10月,体位変換に便利なハンドル付き、オートクレーブ135℃に対応。通気性と弾力性を備えた特殊加工の繊維チップが適度に動き、身体に沿わせて形状を変える事ができます。
貸与-体位変換器,00149-000039,○,アイ・ソネックス株式会社,ナーセントExユー　Lサイズ,"　","￥12,800",123303,平成27年10月,体位変換に便利なハンドル付き、オートクレーブ135℃に対応。通気性と弾力性を備えた特殊加工の繊維チップが適度に動き、身体に沿わせて形状を変える事ができます。
貸与-体位変換器,00149-000040,○,アイ・ソネックス株式会社,USAKOシリーズ　ユークッション　Mサイズ,"　","￥9,800",123303,平成27年10月,体位変換に便利なハンドル付き、防水加工でお手入れ簡単。弾力性を備えた特殊加工の繊維チップが適度に動き、身体に沿わせて形状を変える事ができます。
貸与-体位変換器,00149-000041,○,アイ・ソネックス株式会社,USAKOシリーズ　ユークッション　Lサイズ,"　","￥14,200",123303,平成27年10月,体位変換に便利なハンドル付き、防水加工でお手入れ簡単。弾力性を備えた特殊加工の繊維チップが適度に動き、身体に沿わせて形状を変える事ができます。
貸与-体位変換器,01102-000042,○,株式会社東京エンゼル本社,らくらく移動シート,4072,"￥3,300",123003,平成27年5月,わずかな力で多方向に移動できる構造の移動シートの為、介助者1人で車いすやストレッチャーへの移動が可能。ベッド上での体位変換、ポジショニングにも便利。
貸与-体位変換器,00563-000073,○,株式会社タイカ,アルファプラ　ウェルピーHC　ジャンボ,PC－HC－J1,"￥26,000",123303,平成27年4月,持ち手を使い、少ない力でご利用者に優しく体位変換することが可能です。中材は特殊加工のウレタンチップなので、体位変換中も身体にフィットします。
貸与-体位変換器,00563-000074,○,株式会社タイカ,アルファプラ　ウェルピーHC　ブーメラン（大）,PC－HC－B1,"￥15,000",123303,平成27年4月,持ち手を使い、少ない力でご利用者に優しく体位変換することが可能です。中材は特殊加工のウレタンチップなので、体位変換中も身体にフィットします。
貸与-体位変換器,00563-000075,○,株式会社タイカ,アルファプラ　ウェルピーHC　ブーメラン（小）,PC－HC－B2,"￥13,000",123303,平成27年4月,持ち手を使い、少ない力でご利用者に優しく体位変換することが可能です。中材は特殊加工のウレタンチップなので、体位変換中も身体にフィットします。
貸与-体位変換器,00563-000076,○,株式会社タイカ,アルファプラ　ウェルピーHC　ウェーブ,PC－HC－W1,"￥16,000",123303,平成27年4月,持ち手を使い、少ない力でご利用者に優しく体位変換することが可能です。中材は特殊加工のウレタンチップなので、体位変換中も身体にフィットします。
貸与-体位変換器,00563-000080,○,株式会社タイカ,アルファプラ　ウェルピーHC　ピロータイプ,PC－HC－P1,"￥13,000",123303,平成27年4月,持ち手を使い、少ない力でご利用者に優しく体位変換することが可能です。中材は特殊加工のウレタンチップなので、体位変換中も身体にフィットします。
貸与-体位変換器,00357-000083,○,株式会社イノアックリビング,ふわ・も　みかづき大,FMD－9001,￥23，000（税別）,123303,平成26年10月,持手付きにしたことで、体位変換など便利にご使用いただけます。体の曲線に合わせることを考えたデザイン設計になっています。
貸与-体位変換器,00357-000084,○,株式会社イノアックリビング,ふわ・も　みかづき中,FMC－5601,￥14，364（税別）,123303,平成26年10月,持手付きにしたことで、体位変換など便利にご使用いただけます。体の曲線に合わせることを考えたデザイン設計になっています。
貸与-体位変換器,00357-000085,○,株式会社イノアックリビング,ふわ・も　みかづき小,FMS－4601,￥9，200（税別）,123303,平成26年10月,持手付きにしたことで、体位変換など便利にご使用いただけます。体の曲線に合わせることを考えたデザイン設計になっています。
貸与-体位変換器,00357-000086,○,株式会社イノアックリビング,ふわ・も　ふらっと,FFR－8101,￥14，364（税別）,123303,平成26年10月,持手付きにしたことで、体位変換など便利にご使用いただけます。
貸与-体位変換器,00357-000087,○,株式会社イノアックリビング,ふわ・も　しょーと,FSH－5901,￥9，773（税別）,123303,平成26年10月,持手付きにしたことで、体位変換など便利にご使用いただけます。
貸与-体位変換器,01406-000003,生産終了,日本資材株式会社,移乗シート,CT－02,"￥3,200",123306,平成26年7月,介護されるかたの身体移動、体位変換に便利です。体の下に敷いて滑らすことで少ない力で身体移動ができます。移動は縦、横、斜めも可能です。
貸与-体位変換器,00139-000028,○,株式会社ミクニライフ＆オート,ミクニ モバすらシート,SL-01,"￥1,980",123306,平成26年6月,体位変換・移動時に持ち上げずに滑らせることで、介助者の負担を軽減するスライディングシートです。折りたたんでポケットに収納できる大きさとなっています。
貸与-体位変換器,01505-000001,○,株式会社オムニ商会,おむみんCP1－P,CP1－P,"￥8,800",123303,平成26年5月,柔軟で速乾性のカバーと高通気性の中材で使用者の蒸れを軽減。適度なフィット感で体位変換後もそのまま体を優しく支えます。自然乾燥で約10時間。熱水消毒可能。
貸与-体位変換器,01505-000002,○,株式会社オムニ商会,おむみんCP2－S,CP2－S,"￥9,400",123303,平成26年5月,柔軟で速乾性のカバーと高通気性の中材で使用者の蒸れを軽減。適度なフィット感で体位変換後もそのまま体を優しく支えます。自然乾燥で約10時間。熱水消毒可能。
貸与-体位変換器,01505-000003,○,株式会社オムニ商会,おむみんCP3－W,CP3－W,"￥18,700",123303,平成26年5月,柔軟で速乾性のカバーと高通気性の中材で使用者の蒸れを軽減。適度なフィット感で体位変換後もそのまま体を優しく支えます。自然乾燥で約10時間。熱水消毒可能。
貸与-体位変換器,01505-000004,○,株式会社オムニ商会,おむみんCP4－B,CP4－B,"￥16,300",123303,平成26年5月,柔軟で速乾性のカバーと高通気性の中材で使用者の蒸れを軽減。適度なフィット感で体位変換後もそのまま体を優しく支えます。自然乾燥で約10時間。熱水消毒可能。
貸与-体位変換器,01505-000005,○,株式会社オムニ商会,おむみんCP5－D,CP5－D,"￥13,100",123303,平成26年5月,柔軟で速乾性のカバーと高通気性の中材で使用者の蒸れを軽減。適度なフィット感で体位変換後もそのまま体を優しく支えます。自然乾燥で約10時間。熱水消毒可能。
貸与-体位変換器,01746-000004,○,アルジョ・ジャパン株式会社,マキシスライドシート（Maxi　Slide　sheet）,NSA0500－INT3,"￥17,760",123306,平成26年5月,縁に取っ手がついており、患者の水平移動・多乗を安全かつ簡単に行えます。洗濯して再利用可能、80℃の湯で洗濯可能です。
貸与-体位変換器,00229-000041,○,株式会社モリトー,移座えもんシート　BLACK　Mサイズ,"　",￥3，300（税込）,123003,平成26年4月,寝た状態での身体の上下左右の移動が簡単に行えます。移動時の摩擦を軽減するので移動時の圧迫骨折等を防止できます。薄くて軽いので持ち運びに便利です。
貸与-体位変換器,00229-000042,○,株式会社モリトー,移座えもんシート　BLACK　MLサイズ,"　",￥6，050（税込）,123003,平成26年4月,寝た状態での身体の上下左右の移動が簡単に行えます。移動時の摩擦を軽減するので移動時の圧迫骨折等を防止できます。薄くて軽いので持ち運びに便利です。
貸与-体位変換器,00229-000043,○,株式会社モリトー,移座えもんシート　BLACK　Lサイズ,"　",￥8，250（税込）,123003,平成26年4月,寝た状態での身体の上下左右の移動が簡単に行えます。移動時の摩擦を軽減するので移動時の圧迫骨折等を防止できます。薄くて軽いので持ち運びに便利です。
貸与-体位変換器,00238-000009,○,株式会社帝健,ラクラックス　スリムロング,M64RKV8,"￥46,200",123306,平成25年12月,搬送用ストレッチャーから入浴ストレッチャーへ寝たままの状態でスムースに移乗できるスライディングシートです。
貸与-体位変換器,00200-000496,○,フランスベッド株式会社,ルーパームーブ,RP－01N,"￥168,000",181224,平成25年11月,手元スイッチ操作により仰臥位から座位への体位の変換が行えます。床（畳）上での生活が中心な方の起き上がりを補助。起き上がり時には脚も連動します。
貸与-体位変換器,00149-000034,○,アイ・ソネックス株式会社,ナーセントExロール200,"　","￥16,400",123303,平成25年8月,体位変換に便利なハンドル付き、オートクレーブ132℃に対応。通気性と弾力性を備えた特殊加工の綿チップが適度に動き、身体に沿わせて形状を変えることができます。
貸与-体位変換器,00149-000035,○,アイ・ソネックス株式会社,ナーセントExロール150,"　","￥13,400",123303,平成25年8月,体位変換に便利なハンドル付き、オートクレーブ132℃に対応。通気性と弾力性を備えた特殊加工の綿チップが適度に動き、身体に沿わせて形状を変えることができます。
貸与-体位変換器,00149-000036,○,アイ・ソネックス株式会社,ナーセントExロール100,"　","￥9,400",123303,平成25年8月,体位変換に便利なハンドル付き、オートクレーブ132℃に対応。通気性と弾力性を備えた特殊加工の綿チップが適度に動き、身体に沿わせて形状を変えることができます。
貸与-体位変換器,00149-000037,○,アイ・ソネックス株式会社,ナーセントExワイド,"　","￥15,800",123303,平成25年8月,体位変換に便利なハンドル付き、オートクレーブ132℃に対応。通気性と弾力性を備えた特殊加工の綿チップが適度に動き、身体に沿わせて形状を変えることができます。
貸与-体位変換器,01406-000001,生産終了,日本資材株式会社,移乗シート,CT－01,"￥2,000",123306,平成25年7月,介護されるかたの身体移動、体位変換に便利です。体の下に敷いて滑らすことで少ない力で身体移動ができます。移動は縦、横、斜めも可能です。
貸与-体位変換器,01746-000002,○,アルジョ・ジャパン株式会社,マキシスライドシート（Maxi　Slide　sheet）,NSA2000－INT3,"￥43,560",123306,平成25年7月,縁に取っ手がついており、患者の水平移動・多乗を安全かつ簡単に行えます。洗濯して再利用可能、80℃の湯で洗濯可能です。
貸与-体位変換器,00170-000713,○,パラマウントベッド株式会社,ペンギンサポート,KE－100S,"￥15,000",123389,平成24年9月,側臥位への体位変換、寝位置修正するための体位変換器です。ベッド上でサイドレールなどに固定すると、側臥位の一時的な保持ができます。
貸与-体位変換器,01226-000005,○,株式会社エースインターナショナルジャパン,タスカールマット（小）,"　","￥37,000",123003,平成24年6月,要介護者が滑らかに上下又は水平方向へ移乗ができます。要介護者をベッドからベッドや、ベッドから担架等の移乗に便利。低摩擦素材の為スムーズに移乗作業ができます。
貸与-体位変換器,01226-000006,○,株式会社エースインターナショナルジャパン,タスカールマット（中）,"　","￥66,000",123003,平成24年6月,要介護者が滑らかに水平方向へ移乗ができます。要介護者をベッドからベッドや、ベッドから担架などの移乗に便利です。低摩擦素材の為スムーズに移乗作業ができます。
貸与-体位変換器,00245-000154,○,ラックヘルスケア株式会社,RM5,3179－515,"￥18,000",180930,平成23年10月,ロール状のクッションで良肢位の保持や体位変換にご活用いただけます。95℃までの温水洗浄と100℃までの乾燥機の使用が可能です。
貸与-体位変換器,00170-000682,○,パラマウントベッド株式会社,バナナターン　Lサイズ,KE-P151,"￥18,000",123303,平成23年9月,体位変換を行いやすくするグリップ付。詰め物は身体にフィットしやすい適度な弾力性があります。
貸与-体位変換器,00170-000683,○,パラマウントベッド株式会社,バナナターン　Mサイズ,KE-P152,"￥14,000",123303,平成23年9月,体位変換を行いやすくするグリップ付。詰め物は身体にフィットしやすい適度な弾力性があります。
貸与-体位変換器,00170-000684,○,パラマウントベッド株式会社,バナナターン　Sサイズ,KE-P153,"￥8,000",123303,平成23年9月,体位変換を行いやすくするグリップ付。詰め物は身体にフィットしやすい適度な弾力性があります。
貸与-体位変換器,00245-000152,○,ラックヘルスケア株式会社,ロンボ　スネークミニクッション,"　","￥19,000",180930,平成23年4月,長さ100cmのロール状のクッションで、圧分散・良肢位の保持・体位変換などにご活用いただけます。
貸与-体位変換器,00563-000051,○,株式会社タイカ,スマイルシート（Mサイズ）,CS-SM-M,"￥7,500",123306,平成23年3月,体位変換や移動が少ない力でスムーズに行えます。パラシュート用の生地を使用しているため、滑りが良く丈夫です。
貸与-体位変換器,00563-000052,○,株式会社タイカ,スマイルシート（Lサイズ）,CS-SM-L,"￥12,500",123306,平成23年3月,体位変換や移動が少ない力でスムーズに行えます。パラシュート用の生地を使用しているため、滑りが良く丈夫です。
貸与-体位変換器,00170-000610,○,パラマウントベッド株式会社,イージースライドS,KZ-A52042,"￥18,500",123306,平成22年10月,スライドの内側には超低摩擦素材を、外側にはクッション性のある素材を使用しており、体に敷き込み体位変換等が楽に行えます。また多少段差がある移乗でも使用できます。
貸与-体位変換器,00170-000611,○,パラマウントベッド株式会社,イージースライドM,KZ-A52043,"￥29,500",123306,平成22年10月,スライドの内側には超低摩擦素材を、外側にはクッション性のある素材を使用しており、体に敷き込み体位変換等が楽に行えます。また多少段差がある移乗でも使用できます。
貸与-体位変換器,00170-000940,○,パラマウントベッド株式会社,イージースライドL,KZ－A52049,"￥127,000",123306,平成22年10月,スライドの内側に超低摩擦素材を、外側にはクッション性のある素材を使用しており、体に敷き込み体位変換等が楽に行えます。臥位のまま使用可能なロングサイズ。
貸与-体位変換器,00170-000941,○,パラマウントベッド株式会社,ローラースライドフレキシL,KZ-A52065,"￥125,000",123003,平成22年10月,超低摩擦素材のカバーがボードの上を回転して滑り、ベッドからストレッチャーなどへの臥位移乗が楽に行えます。２つ折り可能で持ち手つき。
貸与-体位変換器,00170-000942,○,パラマウントベッド株式会社,イージーリフトM,KZ－A79050,"￥29,000",123003,平成22年10月,両面ともに低摩擦素材のため身体の下へ差し込みやすく、ベッド上での移動や臥位移乗をサポートします。
貸与-体位変換器,00170-000943,○,パラマウントベッド株式会社,イージーリフトL,KZ－A79051,"￥45,000",123003,平成22年10月,両面ともに低摩擦素材のため身体の下へ差し込みやすく、ベッド上での移動や臥位移乗をサポートします。
貸与-体位変換器,00229-000034,生産終了,株式会社モリトー,移座えもんシートML,"　","￥3,800",123003,平成22年10月,寝た状態での身体の上下左右の移動が簡単に行えます。移動時の摩擦を軽減するので圧迫骨折等を防止できます。薄くて軽いので持ち運びに便利です。
貸与-体位変換器,00054-000112,○,株式会社モルテン,セロリ（Aタイプ）,MTYA,"￥17,600",123303,平成22年9月,持ち手を引っ張るだけの動作で力を必要とせず誰にでも簡単に体の向きを変えられる体位変換器。まくら型のAタイプ。
貸与-体位変換器,00054-000113,○,株式会社モルテン,セロリ（Bタイプ）,MTYB,"￥25,300",123303,平成22年9月,持ち手を引っ張るだけの動作で力を必要とせず誰にでも簡単に体の向きを変えられる体位変換器。スネーク型のBタイプ。
貸与-体位変換器,01341-000004,○,株式会社あかね福祉,体位変換補助具　新・寝返りシーツ,AKN－0503,参考価格　￥17，000,123306,平成21年9月,抱きかかえずに左右の移動や、寝返り・体位変換を簡単に行う事ができます。介助者の腰痛予防に。負担・苦痛を与えず、ベッド上での寝返りを楽に行う事ができます。
貸与-体位変換器,00200-000168,○,フランスベッド株式会社,FB起き上がり補助装置,OH-01,"￥118,000",181224,平成21年6月,リモコン操作によって、起き上がり補助動作（サイドアップ、背上げ、膝上げ）を容易に行うことができます。
貸与-体位変換器,00054-000095,○,株式会社モルテン,アスディス,ASD,"￥138,000",181224,平成21年3月,畳の上での快適な生活と安全な離床動作を実現する起き上がり補助用具。エアによる優しい動きで最大70度までの背上げができます。膝上げも連動して行います。
貸与-体位変換器,01341-000003,○,株式会社あかね福祉,移乗補助具　はなまる,AKH－0401,"￥13,000",123624,平成21年2月,利用者の残存能力を活用して、移乗サポートする用具。利用者のお尻の下に差し込みやすく滑りにくい、といった工夫が特徴。自立を促し、介助者の腰痛問題も改善。
貸与-体位変換器,00170-000509,○,パラマウントベッド株式会社,ムーブマスター,KZ-A29040,"￥27,000",123003,平成21年1月,移乗やベッド上の体位変換がスムーズに行えます。
貸与-体位変換器,00170-000510,○,パラマウントベッド株式会社,フレキシムーブ,KZ-A52041,"￥15,000",123624,平成21年1月,起き上がりや立ち上がりを少ない負担で、しっかりサポートできます。また、ベッド上での位置修正にもご利用頂けます。
貸与-体位変換器,00249-000094,○,アビリティーズ・ケアネット株式会社,アルジョスライドシート、チューブロング,"　","￥0～￥38,400",123306,平成19年11月,全身をカバーする大きめのシートで、ストレッチャーなどへの移乗に最適です。80℃の耐熱性がありますので、温水消毒が可能で、衛生的です。
貸与-体位変換器,00149-000017,○,アイ・ソネックス株式会社,ライトターン,"　","￥22,500",123303,平成18年9月,回転モーメントとテコの原理の応用で、簡単に要介護者の体位変換を行えます。股関節を軽く開いた状態で側臥位を保持できるので、摘便やおむつ交換が楽に行えます。
貸与-体位変換器,00947-000001,○,東レ株式会社,トレイジースライドシート,TES100,"￥9,500",123306,平成17年12月,わずかな力で体位変換・移動が楽にできる。介護する方・される方の負担を軽減する快適スライドシート。
貸与-体位変換器,00229-000026,生産終了,株式会社モリトー,移座えもんシート,"　","￥2,500",123003,平成17年10月,寝た状態での身体の上下左右の移動が簡単に行えます。移動時の摩擦を軽減するので移動時の圧迫骨折等を防止できます。薄くて軽いので持ち運びに便利です。
貸与-体位変換器,01109-000006,○,ダイヤ工業株式会社,楽々スライドマット,000－9660,"￥6,000",123306,平成17年5月,体位変換・平行移動が敷きっ放しで使用できるマットです。表面はタタミの目と同じ原理で横方向のみ滑りやすく、裏面には滑り止め加工を施しているのでズレにくいです。
貸与-体位変換器,00206-000044,生産終了,株式会社ケープ,ターニング　マスター・ネオ,CR－380,"￥198,000",033309,平成14年5月,安全に快適に体位変換をアシストするターニングマット。縦方向エアセル採用で従来の体位変換器での問題点であったズレを軽減。
貸与-体位変換器,00261-000040,○,プロト・ワン有限会社,ケア・スライドシート,9-1-1，2,"￥7,900",123003,平成14年3月,１方向に滑りやすくなっており、車の乗り降りの補助や車内での座ったままの移動、ベッドでの移動を助けます。持ち手が丈夫なので担架がわりの使用も十分できます。
貸与-体位変換器,00245-000102,○,ラックヘルスケア株式会社,スネーククッション,RM46200,"￥29,000",123303,平成13年9月,長さ220cmのロール状のクッションで、圧分散・良肢位の保持・体位変換などにご活用いただけます。
貸与-体位変換器,00297-000045,○,タカノ株式会社,移乗ボード　のせかえくん,TB－502,"￥25,000",123003,平成13年5月,ベッドからの移乗を行う際にお使いいただき、水平移乗を楽に行うことができます。柔かい素材で、寝ている方の下に敷きこみ、取っ手を引っぱるだけで安全･楽に移乗可｡
貸与-体位変換器,00238-000002,生産終了,株式会社帝健,ラクラックス（ミニ・ロング）収納袋付,M64RK04,"￥30,000",123306,平成12年4月,寝たきりのお年寄りや患者さんをわずかな力で移動出来る。介護用ﾛｰﾘﾝｸﾞｼｰﾄ＆ﾏｯﾄﾕﾆｯﾄ。多少の段差も楽に移動出来、ﾎﾞｰﾄﾞ芯材により一層ｽﾑｰｽﾞな移乗を可能にする。
貸与-体位変換器,00238-000003,○,株式会社帝健,ラクラックス　ミニ・ミニ,M64RK01,"￥15,600",123306,平成12年4月,滑りの良い二つの繊維素材の組み合わせにより、ﾛｰﾘﾝｸﾞｼｰﾄ地が驚くほどｽﾑｰｽﾞにﾏｯﾄの廻りを回転し、僅かな力でﾍﾞｯﾄの上での体位変換・ｽﾞﾚ修正が出来ます。
貸与-体位変換器,00413-000001,○,テックワン株式会社,床(とこ)スライダー,"　","￥4,600",123003,平成11年4月,非常になめらかで、すべりやすい内層部になっていますので、お年寄りや腰のお悪い方でも力を入れることなく、スムーズな回転運動で引き寄せることができます。
貸与-体位変換器,00206-000118,○,株式会社ケープ,ロンボクッション　スネークセット（SN）,スネーク（SN）,"￥35,600",123303,平成9年9月,圧分散・良肢位の保持・体位変換などにご活用いただけるクッションです。通気カバー付き。
貸与-体位変換器,00238-000001,○,株式会社帝健,ラクラックス　レギュラー,M64RK05,"￥50,000",123306,平成7年10月,快適をテーマに、わずかな力で体を移動、体位変換も「楽」なローリングシート＆マットユニット、芯材のクッション効果で段差がある場合もソフトな接触感を保ちます。
貸与-体位変換器,00200-000011,取扱終了,フランスベッド株式会社,ハンディレット,"　","￥16,500～￥48,000",123003,平成4年10月,表地はソフトな肌ざわり、内側はすべりやすいナイロン製。シーツの下にセットし、寝姿勢の療養者の移動や寝返りの補助に。
貸与-体位変換器,00229-000027,生産終了,株式会社モリトー,移座えもんシートL,"　","￥6,500",123003,"　",寝た状態での身体の上下左右の移動が簡単に行えます。移動時の摩擦を軽減するので移動時の圧迫骨折等を防止できます。薄くて軽いので持ち運びに便利です。
貸与-体位変換器,00238-000004,○,株式会社帝健,ラクラックス　ラージ,M64RK07,"￥60,000",123306,"　",ベットからストレッチャーへの移動に
貸与-体位変換器,00238-000005,○,株式会社帝健,ラクラックス　タイプ・I,M64RK11,"￥16,200",123306,"　",ベットから車椅子への移動等に
貸与-体位変換器,00238-000006,○,株式会社帝健,ラクラックス　ミニ,M64RK02,"￥25,600",123306,"　",ベット上の移動・体位変換に
貸与-体位変換器,00238-000007,○,株式会社帝健,ラクラックス　ミニ・座,M64RK12,"￥13,800",123306,"　",座らせての、ちょっとした移動に
貸与-体位変換器,00238-000008,○,株式会社帝健,ラクラックス　スライド・ユニット,M64RK14,"￥64,500",123306,"　",スライドシステム、移動距離最大
貸与-体位変換器,00245-000055,取扱終了,ラックヘルスケア株式会社,マルチ,"　","￥5,200～￥9,800",123003,"　",筒状のシートが縦・横・ななめと自由自在に動くことにより、あらゆる方向への移動を楽に行うことができます。患者を移動させる時の介護者の労力を軽減します。
