サービス種別,TAISコード,状態,メーカー名,名称,型式番号,金額,分類コード,リリース年月,説明
貸与-自動排泄処理装置,01312-000013,○,株式会社リバティソリューション,リバティひまわりⅡ,LH－102,"￥680,000",091289,令和7年2月,本機器は排尿、排便をセンサーが感知。自動で排泄物を吸引、温水で陰部の洗浄、送風乾燥して、いつも清潔な状態に保ってくれます。作動時にカップ接着面が自動で膨張し、隙間をなくして漏れを防ぎます。水や…
貸与-自動排泄処理装置,02008-000002,○,株式会社メディコン,ピュアウィック　採尿システム　（本体）,PW200J－T,"￥98,000",092718,令和2年12月,本品はピュアウィック女性用体外式カテーテルと一緒に使用するもので、採尿キャニスターに接続したチューブを介して尿を吸引します。尿は、採尿キャニスターにたまりますので適切に処理することが出来ます。
貸与-自動排泄処理装置,00937-000013,○,株式会社プロモート,自動排泄処理装置「マインレット爽」　本体,NMC01_01,"￥600,000",091289,令和1年10月,専用の紙おむつで装着して使用。大小便を感知して自動的に吸引・陰部をシャワー洗浄・おむつ内除湿を行い、臭いもなく衛生的な排泄環境を提供する装置。専用おむつは一日に一枚程度の交換。本セットは洗浄水…
貸与-自動排泄処理装置,01843-000001,○,マクロス株式会社,自動排泄処理装置／ぐっすりーぷ／本体,"　","￥500,000",091289,平成30年5月,便か尿を素早く感知してタンクへ吸い取ります。
貸与-自動排泄処理装置,01312-000007,○,株式会社リバティソリューション,リバティ　ひまわり　本体,LH-101,"￥480,000",091289,平成28年1月,本機器は排尿、排便をセンサーが感知。自動で排泄物を吸引、温水で陰部の洗浄、送風乾燥して、いつも清潔な状態に保ってくれます。
貸与-自動排泄処理装置,01187-000002,○,アド・ロールス株式会社,自動排泄処理装置『ドリーマー』の本体一式,STY-01型,"￥525,000",091289,平成26年5月,「カップ」内のセンサーが便や尿を感知すると、自動的にお湯で洗浄しながら吸引して乾燥も行う。排泄介護労力が激減し、嫌な臭いもなくなり介護環境が大きく改善。
貸与-自動排泄処理装置,01834-000003,○,株式会社キュラコジャパン,キュラコ　本体,CURA－100－B03,"￥650,000",091289,平成25年4月,排便、排尿を自動で感知し、吸引、洗浄、乾燥します。本体またはリモコンで操作し、自動・手動の切り替えも可能です。
貸与-自動排泄処理装置,01224-000002,○,株式会社ライフ,自動排泄処理装置　ダイアレット　本体,"　","￥612,000",091289,平成25年3月,自動排泄処理機「ダイアレット」衛生ユニットとセットで使用します。
貸与-自動排泄処理装置,00170-000707,○,パラマウントベッド株式会社,スカットクリーン（本体）,KW－65H,"￥81,000",092718,平成24年3月,オプション（男性用または女性用）のレシーバーをあてがい、そのまま排尿するだけで採尿できます。使用後の後始末は1日1回程度。介護する方の負担も軽減できます。
貸与-自動排泄処理装置,00937-000005,○,株式会社プロモート,自動排泄処理装置『マインレット爽』本体,MLS-01-HT,"￥548,000",091289,平成23年12月,専用の紙おむつを用い、大便・小便を感知して自動的に吸引・洗浄を行います。紙おむつは汚れることがありませんので、下着と同様1日1回程度の交換で済みます。
